# Benchmark name,Verification,device-name,kernel-time-mean,kernel-time-median,kernel-time-min,kernel-time-samples,kernel-time-stddev,kernel-time-throughput,local-size,problem-size,run-time-mean,run-time-median,run-time-min,run-time-samples,run-time-stddev,run-time-throughput,sycl-implementation,throughput-metric
Polybench_2DConvolution,PASS,Intel(R) Iris(R) Xe Graphics [0x9a49],N/A,N/A,N/A,N/A,N/A,N/A,256,3072,0.001803,0.001799,0.001791,"0.001791 0.001794 0.001799 0.001803 0.001831",0.000016,N/A,LLVM (Intel DPC++),N/A
# Benchmark name,Verification,device-name,kernel-time-mean,kernel-time-median,kernel-time-min,kernel-time-samples,kernel-time-stddev,kernel-time-throughput,local-size,problem-size,run-time-mean,run-time-median,run-time-min,run-time-samples,run-time-stddev,run-time-throughput,sycl-implementation,throughput-metric
Polybench_2mm,PASS,Intel(R) Iris(R) Xe Graphics [0x9a49],N/A,N/A,N/A,N/A,N/A,N/A,256,3072,3.685028,3.656491,3.634740,"3.634740 3.655839 3.656491 3.728348 3.749723",0.050639,N/A,LLVM (Intel DPC++),N/A
# Benchmark name,Verification,device-name,kernel-time-mean,kernel-time-median,kernel-time-min,kernel-time-samples,kernel-time-stddev,kernel-time-throughput,local-size,problem-size,run-time-mean,run-time-median,run-time-min,run-time-samples,run-time-stddev,run-time-throughput,sycl-implementation,throughput-metric
Polybench_3mm,PASS,Intel(R) Iris(R) Xe Graphics [0x9a49],N/A,N/A,N/A,N/A,N/A,N/A,256,3072,5.521475,5.517144,5.494363,"5.494363 5.509033 5.517144 5.525867 5.560967",0.024937,N/A,LLVM (Intel DPC++),N/A
# Benchmark name,Verification,device-name,kernel-time-mean,kernel-time-median,kernel-time-min,kernel-time-samples,kernel-time-stddev,kernel-time-throughput,local-size,problem-size,run-time-mean,run-time-median,run-time-min,run-time-samples,run-time-stddev,run-time-throughput,sycl-implementation,throughput-metric
Polybench_Atax,PASS,Intel(R) Iris(R) Xe Graphics [0x9a49],N/A,N/A,N/A,N/A,N/A,N/A,256,3072,0.006918,0.006921,0.006895,"0.006895 0.006897 0.006921 0.006933 0.006943",0.000021,N/A,LLVM (Intel DPC++),N/A
# Benchmark name,Verification,device-name,kernel-time-mean,kernel-time-median,kernel-time-min,kernel-time-samples,kernel-time-stddev,kernel-time-throughput,local-size,problem-size,run-time-mean,run-time-median,run-time-min,run-time-samples,run-time-stddev,run-time-throughput,sycl-implementation,throughput-metric
Polybench_Bicg,PASS,Intel(R) Iris(R) Xe Graphics [0x9a49],N/A,N/A,N/A,N/A,N/A,N/A,256,3072,0.006170,0.005674,0.005644,"0.005644 0.005656 0.005674 0.006923 0.006954",0.000702,N/A,LLVM (Intel DPC++),N/A
# Benchmark name,Verification,device-name,kernel-time-mean,kernel-time-median,kernel-time-min,kernel-time-samples,kernel-time-stddev,kernel-time-throughput,local-size,problem-size,run-time-mean,run-time-median,run-time-min,run-time-samples,run-time-stddev,run-time-throughput,sycl-implementation,throughput-metric
Polybench_Covariance,PASS,Intel(R) Iris(R) Xe Graphics [0x9a49],N/A,N/A,N/A,N/A,N/A,N/A,256,3072,5.092365,5.361262,4.671243,"4.671243 4.686942 5.361262 5.367617 5.374761",0.377336,N/A,LLVM (Intel DPC++),N/A
# Benchmark name,Verification,device-name,kernel-time-mean,kernel-time-median,kernel-time-min,kernel-time-samples,kernel-time-stddev,kernel-time-throughput,local-size,problem-size,run-time-mean,run-time-median,run-time-min,run-time-samples,run-time-stddev,run-time-throughput,sycl-implementation,throughput-metric
Polybench_Gemm,PASS,Intel(R) Iris(R) Xe Graphics [0x9a49],N/A,N/A,N/A,N/A,N/A,N/A,256,3072,1.856723,1.861772,1.838579,"1.838579 1.842996 1.861772 1.867321 1.872948",0.015155,N/A,LLVM (Intel DPC++),N/A
# Benchmark name,Verification,device-name,kernel-time-mean,kernel-time-median,kernel-time-min,kernel-time-samples,kernel-time-stddev,kernel-time-throughput,local-size,problem-size,run-time-mean,run-time-median,run-time-min,run-time-samples,run-time-stddev,run-time-throughput,sycl-implementation,throughput-metric
Polybench_Gesummv,PASS,Intel(R) Iris(R) Xe Graphics [0x9a49],N/A,N/A,N/A,N/A,N/A,N/A,256,3072,0.009340,0.008984,0.008927,"0.008927 0.008977 0.008984 0.009016 0.010794",0.000814,N/A,LLVM (Intel DPC++),N/A
# Benchmark name,Verification,device-name,kernel-time-mean,kernel-time-median,kernel-time-min,kernel-time-samples,kernel-time-stddev,kernel-time-throughput,local-size,problem-size,run-time-mean,run-time-median,run-time-min,run-time-samples,run-time-stddev,run-time-throughput,sycl-implementation,throughput-metric
Polybench_Gramschmidt,PASS,Intel(R) Iris(R) Xe Graphics [0x9a49],N/A,N/A,N/A,N/A,N/A,N/A,256,3072,20.016868,20.017945,19.988660,"19.988660 19.992724 20.017945 20.019798 20.065211",0.030518,N/A,LLVM (Intel DPC++),N/A
# Benchmark name,Verification,device-name,kernel-time-mean,kernel-time-median,kernel-time-min,kernel-time-samples,kernel-time-stddev,kernel-time-throughput,local-size,problem-size,run-time-mean,run-time-median,run-time-min,run-time-samples,run-time-stddev,run-time-throughput,sycl-implementation,throughput-metric
MatmulChain,PASS,Intel(R) Iris(R) Xe Graphics [0x9a49],N/A,N/A,N/A,N/A,N/A,N/A,256,3072,5.581704,5.585407,5.542549,"5.542549 5.548522 5.585407 5.598330 5.633711",0.037514,N/A,LLVM (Intel DPC++),N/A
# Benchmark name,Verification,device-name,kernel-time-mean,kernel-time-median,kernel-time-min,kernel-time-samples,kernel-time-stddev,kernel-time-throughput,local-size,problem-size,run-time-mean,run-time-median,run-time-min,run-time-samples,run-time-stddev,run-time-throughput,sycl-implementation,throughput-metric
Polybench_Mvt,PASS,Intel(R) Iris(R) Xe Graphics [0x9a49],N/A,N/A,N/A,N/A,N/A,N/A,256,3072,0.009513,0.009484,0.008212,"0.008212 0.008221 0.009484 0.010795 0.010856",0.001305,N/A,LLVM (Intel DPC++),N/A
# Benchmark name,Verification,device-name,kernel-time-mean,kernel-time-median,kernel-time-min,kernel-time-samples,kernel-time-stddev,kernel-time-throughput,local-size,problem-size,run-time-mean,run-time-median,run-time-min,run-time-samples,run-time-stddev,run-time-throughput,sycl-implementation,throughput-metric
Polybench_Syr2k,PASS,Intel(R) Iris(R) Xe Graphics [0x9a49],N/A,N/A,N/A,N/A,N/A,N/A,256,3072,10.570809,10.559910,10.526709,"10.526709 10.546513 10.559910 10.578546 10.642368",0.044256,N/A,LLVM (Intel DPC++),N/A
# Benchmark name,Verification,device-name,kernel-time-mean,kernel-time-median,kernel-time-min,kernel-time-samples,kernel-time-stddev,kernel-time-throughput,local-size,problem-size,run-time-mean,run-time-median,run-time-min,run-time-samples,run-time-stddev,run-time-throughput,sycl-implementation,throughput-metric
Polybench_Syrk,PASS,Intel(R) Iris(R) Xe Graphics [0x9a49],N/A,N/A,N/A,N/A,N/A,N/A,256,3072,4.563539,4.563861,4.560654,"4.560654 4.561727 4.563861 4.564866 4.566585",0.002385,N/A,LLVM (Intel DPC++),N/A
